framework,run,rps,iterations,p50_ms,p95_ms,p99_ms,err_pct,achieved_rps,srv_p50_ms,srv_p95_ms,cpu_avg_cores,cpu_max_cores,mem_avg_mib,mem_max_mib,pod,k6_exit
actix,1,100,300000,5.20,5.47,5.67,0.00,100.0,5.00,5.00,0.5105,0.5237,8.6807,9.5234,actix-perf-6d7448dcfb-44drk,0
actix,2,100,300000,5.20,5.48,5.71,0.00,100.0,5.00,5.00,0.5065,0.5249,8.2845,9.7305,actix-perf-6d7448dcfb-gksx6,0
actix,3,100,300000,5.20,5.50,5.72,0.00,100.0,5.00,5.00,0.5120,0.5248,8.9872,9.8750,actix-perf-6d7448dcfb-7ssh9,0
ktor,1,100,300000,5.08,841.24,1876.24,0.00,99.8,5.00,5.00,0.5010,0.5382,171.0332,177.6484,ktor-perf-74b4c78c44-vf94d,0
ktor,2,100,300000,5.04,1645.42,2275.86,46.71,99.9,5.00,5.00,0.3735,0.5455,136.7287,165.8516,ktor-perf-74b4c78c44-cj9bn,99
ktor,3,100,300000,5.09,413.70,1193.84,0.00,99.8,5.00,5.00,0.5014,0.5339,164.3786,172.1172,ktor-perf-74b4c78c44-r6qfc,0
quarkus-jvm,1,100,300000,4.98,5.24,5.35,0.00,100.0,5.00,5.00,0.2317,0.2559,NaN,NaN,quarkus-perf-jvm-f75b96c96-lbgvn,0
quarkus-jvm,2,100,300000,5.07,5.29,5.39,0.00,100.0,5.00,5.00,0.4936,0.5230,125.9694,126.9219,quarkus-perf-jvm-84dbb885f-5kgj4,0
quarkus-jvm,3,100,300000,5.02,5.26,5.34,0.00,100.0,5.00,5.00,0.4930,0.5225,123.4157,124.7852,quarkus-perf-jvm-84dbb885f-wjf8w,0
quarkus-native,1,100,300000,5.53,5.76,5.91,0.00,100.0,5.00,6.00,0.5206,0.5432,64.8740,65.6953,quarkus-perf-native-844955b8c9-zfx72,0
quarkus-native,2,100,300000,5.56,5.82,6.38,0.00,100.0,5.00,6.00,0.5249,0.5458,63.2197,65.2344,quarkus-perf-native-844955b8c9-6bwlx,0
quarkus-native,3,100,300000,5.55,5.85,6.33,0.00,100.0,5.00,6.00,0.5325,0.5436,62.0576,63.4805,quarkus-perf-native-844955b8c9-26dzr,0
quarkus-reactive-jvm,1,100,300000,5.13,6.24,7.94,0.00,100.0,5.00,5.00,0.4965,0.5263,119.5515,121.1016,quarkus-reactive-perf-jvm-7db876dd75-phxjv,0
quarkus-reactive-jvm,2,100,300000,5.14,5.35,5.51,0.00,100.0,5.00,5.00,0.4995,0.5336,128.9499,130.1055,quarkus-reactive-perf-jvm-7db876dd75-r79c8,0
quarkus-reactive-jvm,3,100,300000,5.09,5.30,5.42,0.00,100.0,5.00,5.00,0.4937,0.5213,122.5879,123.5820,quarkus-reactive-perf-jvm-7db876dd75-xz2hw,0
quarkus-reactive-native,1,100,300000,5.54,5.78,5.90,0.00,100.0,5.00,6.00,0.5299,0.5406,62.4215,63.0859,quarkus-reactive-perf-native-78d945cbbc-lqngq,0
quarkus-reactive-native,2,100,300000,5.54,5.80,5.98,0.00,100.0,5.00,6.00,0.5284,0.5407,63.5293,64.5742,quarkus-reactive-perf-native-78d945cbbc-cxkgw,0
quarkus-reactive-native,3,100,300000,5.55,5.78,5.92,0.00,100.0,5.00,6.00,0.5269,0.5425,63.1190,64.8711,quarkus-reactive-perf-native-78d945cbbc-ddhkj,0
spring,1,100,300000,5.10,5.34,5.53,0.00,100.0,5.00,5.00,0.4977,0.5540,193.9700,195.2773,spring-perf-7f67d7ff69-29mt6,0
spring,2,100,300000,5.11,5.35,5.54,0.00,100.0,5.00,5.00,0.5040,0.5498,193.2269,194.2266,spring-perf-7f67d7ff69-9hmt6,0
spring,3,100,300000,5.18,5.36,5.50,0.00,100.0,5.00,5.00,0.5150,0.5615,194.3906,195.6328,spring-perf-7f67d7ff69-b7sk4,0
spring-reactor,1,100,300000,5.17,5.38,5.57,0.00,100.0,5.00,5.00,0.5121,0.5696,193.9805,195.0195,spring-reactor-perf-55c7bfcfd8-4cl2m,0
spring-reactor,2,100,300000,5.18,5.53,6.40,0.00,100.0,5.00,5.00,0.5092,0.5769,195.0866,204.8320,spring-reactor-perf-55c7bfcfd8-688th,0
spring-reactor,3,100,300000,5.18,5.43,5.87,0.00,100.0,5.00,5.00,0.5075,0.5797,195.0324,196.6953,spring-reactor-perf-55c7bfcfd8-mnmkt,0
actix,1,500,60000,0.70,0.90,0.94,0.00,500.0,0.00,0.00,0.3165,0.3222,9.1878,9.9180,actix-perf-798cc85858-9pvfb,0
actix,2,500,60000,0.70,0.89,0.93,0.00,500.0,0.00,0.00,0.3126,0.3189,8.9819,9.6875,actix-perf-798cc85858-8c9g9,0
actix,3,500,60000,0.70,0.89,0.94,0.00,500.0,0.00,0.00,0.3127,0.3204,9.4245,10.0977,actix-perf-798cc85858-s9h9w,0
ktor,1,500,60000,0.66,0.82,0.89,0.00,500.0,1.00,1.00,0.2909,0.3273,195.4066,199.9766,ktor-perf-799b7767dd-sgs5c,0
ktor,2,500,60000,0.67,1851.01,2861.56,13.56,493.5,1.00,1.00,0.2541,0.3800,170.3110,212.6680,ktor-perf-799b7767dd-d95kq,99
ktor,3,500,60000,0.67,1721.84,3764.51,0.00,497.2,1.00,1.00,0.2907,0.3376,215.5599,223.8711,ktor-perf-799b7767dd-kbhh7,0
quarkus-jvm,1,500,60000,0.66,0.82,0.87,0.00,500.0,1.00,1.00,0.2784,0.2987,124.6030,125.5820,quarkus-perf-jvm-84dbb885f-x48db,0
quarkus-jvm,2,500,60000,0.66,0.82,0.87,0.00,500.0,1.00,1.00,0.2807,0.3135,126.9788,127.5742,quarkus-perf-jvm-84dbb885f-hd9zr,0
quarkus-jvm,3,500,60000,0.66,0.82,0.88,0.00,500.0,0.00,1.00,0.2818,0.2923,126.9237,127.4922,quarkus-perf-jvm-84dbb885f-sj662,0
quarkus-native,1,500,60000,0.76,0.94,1.12,0.00,500.0,1.00,1.00,0.3332,0.3390,58.7285,63.1094,quarkus-perf-native-7d7d4b66c9-64xvw,0
quarkus-native,2,500,60000,0.76,0.96,1.69,0.00,500.0,1.00,1.00,0.3326,0.3391,59.1653,65.7031,quarkus-perf-native-7d7d4b66c9-fgp6n,0
quarkus-native,3,500,60000,0.77,0.97,1.66,0.00,500.0,1.00,1.00,0.3386,0.3406,58.6034,63.8672,quarkus-perf-native-7d7d4b66c9-4wc2x,0
quarkus-reactive-jvm,1,500,60000,0.66,0.82,0.87,0.00,500.0,1.00,1.00,0.2755,0.3234,128.0769,128.8867,quarkus-reactive-perf-jvm-6d798f48b7-76ft8,0
quarkus-reactive-jvm,2,500,60000,0.65,0.82,0.87,0.00,500.0,0.00,1.00,0.2805,0.2892,126.6211,128.0156,quarkus-reactive-perf-jvm-6d798f48b7-xrtxp,0
quarkus-reactive-jvm,3,500,60000,0.66,0.82,0.87,0.00,500.0,1.00,1.00,0.2752,0.3054,123.8529,125.0156,quarkus-reactive-perf-jvm-6d798f48b7-82tnr,0
quarkus-reactive-native,1,500,60000,0.76,0.94,1.01,0.00,500.0,1.00,1.00,0.3344,0.3381,54.6612,64.1719,quarkus-reactive-perf-native-856b76f5d7-85xj2,0
quarkus-reactive-native,2,500,60000,0.76,0.95,1.01,0.00,500.0,1.00,1.00,0.3318,0.3390,54.2333,63.6016,quarkus-reactive-perf-native-856b76f5d7-87smk,0
quarkus-reactive-native,3,500,60000,0.76,0.94,1.00,0.00,500.0,1.00,1.00,0.3269,0.3369,51.1712,61.8203,quarkus-reactive-perf-native-856b76f5d7-svnc4,0
spring,1,500,60000,0.71,0.92,0.96,0.00,500.0,1.00,1.00,0.3226,0.4029,207.5404,208.6641,spring-perf-6957cd5b4d-ccxkb,0
spring,2,500,60000,0.71,0.92,0.96,0.00,500.0,1.00,1.00,0.3213,0.3860,205.5713,206.6562,spring-perf-6957cd5b4d-fjfzj,0
spring,3,500,60000,0.71,0.91,0.96,0.00,500.0,1.00,1.00,0.3169,0.3749,205.9574,206.6211,spring-perf-6957cd5b4d-vtjhw,0
spring-reactor,1,500,60000,0.70,0.86,0.93,0.00,500.0,1.00,1.00,0.3059,0.3330,198.1616,198.5547,spring-reactor-perf-7697f96cbc-wjbj2,0
spring-reactor,2,500,60000,0.71,0.87,0.94,0.00,500.0,1.00,1.00,0.3053,0.3274,199.2461,200.0625,spring-reactor-perf-7697f96cbc-p7564,0
spring-reactor,3,500,60000,0.70,0.88,0.94,0.00,500.0,1.00,1.00,0.3084,0.3825,196.9925,197.6758,spring-reactor-perf-7697f96cbc-4znlc,0
actix,1,1000,30000,0.32,0.53,0.69,0.00,1000.0,0.00,0.00,0.2375,0.2417,10.1553,10.7383,actix-perf-798cc85858-9vz8f,0
actix,2,1000,30000,0.32,0.54,0.72,5.76,1000.0,0.00,0.00,0.2197,0.2405,10.0855,10.5820,actix-perf-798cc85858-w9bct,99
actix,3,1000,30000,0.32,0.52,0.67,0.00,1000.0,0.00,0.00,0.2345,0.2411,9.7581,10.6055,actix-perf-798cc85858-z85v2,0
ktor,1,1000,30000,0.31,0.51,0.59,0.00,1000.0,0.00,1.00,0.2284,0.2815,173.4609,177.4688,ktor-perf-799b7767dd-hvpjw,0
ktor,2,1000,30000,0.31,0.51,0.60,0.00,1000.0,0.00,1.00,0.2248,0.2849,174.9154,179.2461,ktor-perf-799b7767dd-2lqjt,0
ktor,3,1000,30000,0.31,0.51,0.63,0.00,1000.0,0.00,1.00,0.2310,0.2893,171.9922,175.7383,ktor-perf-799b7767dd-zlh6z,0
quarkus-jvm,1,1000,30000,0.30,0.38,0.46,0.00,1000.0,0.00,1.00,0.2154,0.2708,130.0039,130.7070,quarkus-perf-jvm-84dbb885f-pks2d,0
quarkus-jvm,2,1000,30000,0.31,0.39,0.46,0.00,1000.0,0.00,1.00,0.2162,0.2418,129.1911,130.3164,quarkus-perf-jvm-84dbb885f-wmbtm,0
quarkus-jvm,3,1000,30000,0.31,0.39,0.47,0.00,1000.0,0.00,1.00,0.2177,0.2271,133.7987,134.4883,quarkus-perf-jvm-84dbb885f-mv4sj,0
quarkus-native,1,1000,30000,0.35,0.44,0.51,0.00,1000.0,0.00,1.00,0.2616,0.2683,41.8167,63.0625,quarkus-perf-native-7d7d4b66c9-6k5bt,0
quarkus-native,2,1000,30000,0.35,0.45,0.53,0.00,1000.0,0.00,1.00,0.2626,0.2698,39.5437,60.1680,quarkus-perf-native-7d7d4b66c9-j6vqd,0
quarkus-native,3,1000,30000,0.35,0.45,0.53,0.00,1000.0,0.00,1.00,0.2682,0.2706,41.2497,65.5195,quarkus-perf-native-7d7d4b66c9-ks27x,0
quarkus-reactive-jvm,1,1000,30000,0.31,0.38,0.46,0.00,1000.0,0.00,1.00,0.2203,0.2304,130.3098,131.1406,quarkus-reactive-perf-jvm-6d798f48b7-d49fj,0
quarkus-reactive-jvm,2,1000,30000,0.31,0.38,0.44,0.00,1000.0,0.00,1.00,0.2171,0.2268,148.5407,152.8281,quarkus-reactive-perf-jvm-6d798f48b7-l9vft,0
quarkus-reactive-jvm,3,1000,30000,0.31,0.39,0.47,0.00,1000.0,0.00,1.00,0.2176,0.2296,127.8952,129.2266,quarkus-reactive-perf-jvm-6d798f48b7-p84jp,0
quarkus-reactive-native,1,1000,30000,0.35,0.44,0.53,0.00,1000.0,0.00,1.00,0.2670,0.2720,30.3818,52.5742,quarkus-reactive-perf-native-856b76f5d7-6kn74,0
quarkus-reactive-native,2,1000,30000,0.36,0.45,0.53,0.00,1000.0,0.00,1.00,0.2655,0.2741,31.0246,53.1562,quarkus-reactive-perf-native-856b76f5d7-jgqlg,0
quarkus-reactive-native,3,1000,30000,0.36,0.45,0.52,0.00,1000.0,0.00,1.00,0.2658,0.2727,32.8210,54.3555,quarkus-reactive-perf-native-856b76f5d7-j6gd4,0
spring,1,1000,30000,0.37,0.48,0.53,0.00,1000.0,0.00,1.00,0.2900,0.3249,264.1893,264.8711,spring-perf-6957cd5b4d-zvt2f,0
spring,2,1000,30000,0.37,0.48,0.54,0.00,1000.0,0.00,1.00,0.2977,0.4143,258.1602,259.0703,spring-perf-6957cd5b4d-rb5zm,0
spring,3,1000,30000,0.38,0.49,0.56,0.00,1000.0,0.00,1.00,0.3060,0.5828,261.3540,262.4141,spring-perf-6957cd5b4d-vjknr,0
spring-reactor,1,1000,30000,0.33,0.43,0.51,0.00,1000.0,0.00,1.00,0.2516,0.3407,205.4104,206.6172,spring-reactor-perf-7697f96cbc-6c6lh,0
spring-reactor,2,1000,30000,0.34,0.43,0.49,0.00,1000.0,0.00,1.00,0.2478,0.2687,206.0536,208.2812,spring-reactor-perf-7697f96cbc-5mjzp,0
spring-reactor,3,1000,30000,0.33,0.43,0.50,0.00,1000.0,0.00,1.00,0.2537,0.2871,218.6338,221.4141,spring-reactor-perf-7697f96cbc-57s4q,0
actix,1,2000,15000,0.19,0.31,0.38,0.00,2000.0,0.00,0.00,0.1828,0.1864,10.4271,11.2383,actix-perf-798cc85858-gl686,0
actix,2,2000,15000,0.19,0.31,0.38,0.00,2000.0,0.00,0.00,0.1808,0.1857,10.3855,10.9805,actix-perf-798cc85858-fzgrp,0
actix,3,2000,15000,0.19,0.31,0.38,0.00,2000.0,0.00,0.00,0.1810,0.1853,10.3493,11.1602,actix-perf-798cc85858-2dg8b,0
ktor,1,2000,15000,0.21,2067.83,3642.75,0.00,1978.1,0.00,1.00,0.1951,0.2112,302.5024,328.6445,ktor-perf-799b7767dd-7rnsh,0
ktor,2,2000,15000,0.19,397.15,1686.32,0.00,1991.0,0.00,0.00,0.1908,0.2002,237.5713,270.6719,ktor-perf-799b7767dd-z6l48,0
ktor,3,2000,15000,0.19,1068.86,2139.62,5.70,1975.7,0.00,1.00,0.1864,0.2048,262.6725,284.2227,ktor-perf-799b7767dd-b2cvq,99
quarkus-jvm,1,2000,15000,0.17,0.22,0.26,0.00,2000.0,0.00,1.00,0.1777,0.1825,145.7138,147.0430,quarkus-perf-jvm-84dbb885f-x5bcb,0
quarkus-jvm,2,2000,15000,0.17,0.22,0.26,0.00,2000.0,0.00,0.00,0.1759,0.1851,135.8024,137.7695,quarkus-perf-jvm-84dbb885f-zjn99,0
quarkus-jvm,3,2000,15000,0.17,0.23,0.26,0.00,2000.1,0.00,0.00,0.1767,0.1854,146.4235,148.4180,quarkus-perf-jvm-84dbb885f-lcbgl,0
quarkus-native,1,2000,15000,0.19,0.26,0.35,0.00,2000.0,0.00,1.00,0.2318,0.2392,29.4391,46.6875,quarkus-perf-native-7d7d4b66c9-ltj7n,0
quarkus-native,2,2000,15000,0.19,0.26,0.39,0.00,2000.1,0.00,1.00,0.2334,0.2380,27.6608,41.0391,quarkus-perf-native-7d7d4b66c9-lqrt9,0
quarkus-native,3,2000,15000,0.19,0.26,0.39,0.00,2000.0,0.00,1.00,0.2335,0.2396,28.6442,47.6328,quarkus-perf-native-7d7d4b66c9-rclv8,0
quarkus-reactive-jvm,1,2000,15000,0.17,0.22,0.26,0.00,2000.0,0.00,0.00,0.1799,0.1896,143.8661,151.8984,quarkus-reactive-perf-jvm-6d798f48b7-qqcwn,0
quarkus-reactive-jvm,2,2000,15000,0.17,0.22,0.27,0.00,2000.0,0.00,0.00,0.1799,0.1887,133.6966,134.5039,quarkus-reactive-perf-jvm-6d798f48b7-xq9r9,0
quarkus-reactive-jvm,3,2000,15000,0.17,0.22,0.26,0.00,2000.0,0.00,0.00,0.1758,0.1870,148.9668,149.8242,quarkus-reactive-perf-jvm-6d798f48b7-dg276,0
quarkus-reactive-native,1,2000,15000,0.20,0.27,0.51,0.00,2000.0,0.00,1.00,0.2414,0.2500,24.2594,37.9961,quarkus-reactive-perf-native-856b76f5d7-95xqs,0
quarkus-reactive-native,2,2000,15000,0.20,0.27,0.51,0.00,2000.0,0.00,0.00,0.2413,0.2490,24.8229,36.3906,quarkus-reactive-perf-native-856b76f5d7-7lhrs,0
quarkus-reactive-native,3,2000,15000,0.20,0.27,0.53,0.00,2000.0,0.00,1.00,0.2414,0.2478,23.8971,36.1289,quarkus-reactive-perf-native-856b76f5d7-qjsb6,0
spring,1,2000,15000,0.22,0.29,0.35,0.00,2000.0,0.00,0.00,0.3194,0.5851,363.5996,364.3281,spring-perf-6957cd5b4d-sdk8z,0
spring,2,2000,15000,0.23,70.08,110.86,0.00,2000.0,0.00,1.00,0.3079,0.3079,397.1442,417.8320,spring-perf-6957cd5b4d-79m9t,0
spring,3,2000,15000,0.22,0.29,0.35,0.00,2000.0,0.00,0.00,0.3226,0.7307,376.5264,386.3906,spring-perf-6957cd5b4d-8snxf,0
spring-reactor,1,2000,15000,0.20,0.27,0.32,0.00,2000.1,0.00,0.00,0.2437,0.3693,231.7738,239.3789,spring-reactor-perf-7697f96cbc-52ljh,0
spring-reactor,2,2000,15000,0.20,0.27,0.32,0.00,2000.0,0.00,1.00,0.2375,0.2912,231.6654,236.6328,spring-reactor-perf-7697f96cbc-m4vxb,0
spring-reactor,3,2000,15000,0.20,0.27,0.32,0.00,2000.0,0.00,1.00,0.2415,0.3919,232.5225,250.5664,spring-reactor-perf-7697f96cbc-qxqpb,0
